'ZAVSIF','SL_ID','OBR_ID','ST_UC','NAZIV','NAZIV_POVEZAVE'
112,19,17,1,'3. razred','Izobraževanje na domu'
112,15,17,1,'5. razred','Izobraževanje na domu'
112,20,17,1,'6. razred','Izobraževanje na domu'
112,14,17,1,'4. razred','Izobraževanje na domu'
112,19,17,1,'6. razred','Izobraževanje na domu'
112,18,17,1,'8. razred','Izobraževanje na domu'
112,17,17,1,'3. razred','Izobraževanje na domu'
112,17,17,1,'4. razred','Izobraževanje na domu'
112,17,17,1,'5. razred','Izobraževanje na domu'
112,17,17,1,'7. razred','Izobraževanje na domu'
112,16,17,1,'2. razred','Izobraževanje na domu'
112,16,17,1,'3. razred','Izobraževanje na domu'
112,21,17,2,'1. razred','Izobraževanje na domu'
112,16,17,1,'4. razred','Izobraževanje na domu'
112,16,17,1,'6. razred','Izobraževanje na domu'
112,20,17,1,'8. razred','Izobraževanje na domu'
118,15,17,1,'1. razred','Izobraževanje na domu'
122,21,17,1,'1. razred','Izobraževanje na domu'
124,21,17,1,'6. razred','Izobraževanje na domu'
128,21,17,1,'8. razred','Izobraževanje na domu'
128,21,17,1,'6. razred','Izobraževanje na domu'
130,21,17,1,'4. razred','Izobraževanje na domu'
130,21,17,1,'3. razred','Izobraževanje na domu'
130,18,17,1,'8. razred','Izobraževanje na domu'
131,15,17,1,'8. razred','Izobraževanje na domu'
131,19,17,1,'2. razred','Izobraževanje na domu'
131,18,17,1,'1. razred','Izobraževanje na domu'
131,19,17,1,'3. razred','Izobraževanje na domu'
131,21,17,1,'2. razred','Izobraževanje na domu'
131,20,17,1,'4. razred','Izobraževanje na domu'
131,20,17,1,'3. razred','Izobraževanje na domu'
131,16,17,1,'9. razred','Izobraževanje na domu'
131,21,17,1,'4. razred','Izobraževanje na domu'
131,20,17,1,'1. razred','Izobraževanje na domu'
131,21,17,1,'5. razred','Izobraževanje na domu'
134,21,17,1,'4. razred','Izobraževanje na domu'
134,21,17,1,'1. razred','Izobraževanje na domu'
135,17,17,1,'1. razred','Izobraževanje na domu'
141,20,17,1,'4. razred','Izobraževanje na domu'
142,19,17,1,'7. razred','Izobraževanje na domu'
144,20,17,1,'1. razred','Izobraževanje na domu'
144,21,17,1,'2. razred','Izobraževanje na domu'
149,17,17,1,'9. razred','Izobraževanje na domu'
149,16,17,1,'8. razred','Izobraževanje na domu'
149,16,17,1,'9. razred','Izobraževanje na domu'
149,15,17,1,'7. razred','Izobraževanje na domu'
149,15,17,1,'8. razred','Izobraževanje na domu'
149,13,17,1,'5. razred','Izobraževanje na domu'
149,13,17,1,'6. razred','Izobraževanje na domu'
149,14,17,1,'6. razred','Izobraževanje na domu'
149,14,17,1,'7. razred','Izobraževanje na domu'
150,18,17,1,'5. razred','Izobraževanje na domu'
158,19,17,1,'1. razred','Izobraževanje na domu'
158,21,17,1,'1. razred','Izobraževanje na domu'
159,19,17,1,'8. razred','Izobraževanje na domu'
159,15,17,1,'9. razred','Izobraževanje na domu'
160,19,17,1,'1. razred','Izobraževanje na domu'
160,20,17,1,'8. razred','Izobraževanje na domu'
160,20,17,1,'6. razred','Izobraževanje na domu'
160,20,17,1,'2. razred','Izobraževanje na domu'
160,21,17,1,'9. razred','Izobraževanje na domu'
160,21,17,1,'3. razred','Izobraževanje na domu'
160,21,17,1,'1. razred','Izobraževanje na domu'
164,19,17,1,'8. razred','Izobraževanje na domu'
164,19,17,1,'4. razred','Izobraževanje na domu'
165,15,17,1,'1. razred','Izobraževanje na domu'
165,16,17,1,'2. razred','Izobraževanje na domu'
165,21,17,2,'6. razred','Izobraževanje na domu'
166,21,17,1,'9. razred','Izobraževanje na domu'
166,21,17,1,'6. razred','Izobraževanje na domu'
166,21,17,1,'4. razred','Izobraževanje na domu'
166,20,17,1,'3. razred','Izobraževanje na domu'
170,20,17,1,'2. razred','Izobraževanje na domu'
170,21,17,1,'3. razred','Izobraževanje na domu'
171,12,17,1,'3. razred','Izobraževanje na domu'
177,11,17,6,'6. razred','Izobraževanje na domu'
177,11,17,5,'5. razred','Izobraževanje na domu'
177,11,17,4,'4. razred','Izobraževanje na domu'
177,11,17,9,'9. razred','Izobraževanje na domu'
177,11,17,2,'2. razred','Izobraževanje na domu'
177,11,17,1,'1. razred','Izobraževanje na domu'
177,11,17,8,'8. razred','Izobraževanje na domu'
177,11,17,7,'7. razred','Izobraževanje na domu'
177,11,17,3,'3. razred','Izobraževanje na domu'
178,21,17,2,'6. razred','Izobraževanje na domu'
178,21,17,1,'7. razred','Izobraževanje na domu'
178,21,17,1,'9. razred','Izobraževanje na domu'
178,20,17,1,'4. razred','Izobraževanje na domu'
178,19,17,1,'5. razred','Izobraževanje na domu'
178,19,17,1,'6. razred','Izobraževanje na domu'
188,18,17,1,'9. razred','Izobraževanje na domu'
197,17,17,1,'8. razred','Izobraževanje na domu'
197,18,17,1,'9. razred','Izobraževanje na domu'
199,21,17,1,'1. razred','Izobraževanje na domu'
201,15,17,1,'3. razred','Izobraževanje na domu'
201,19,17,1,'4. razred','Izobraževanje na domu'
202,21,17,1,'1. razred','Izobraževanje na domu'
209,19,17,1,'1. razred','Izobraževanje na domu'
213,14,17,1,'5. razred','Izobraževanje na domu'
213,14,17,1,'3. razred','Izobraževanje na domu'
213,15,17,1,'3. razred','Izobraževanje na domu'
213,13,17,1,'4. razred','Izobraževanje na domu'
213,13,17,1,'2. razred','Izobraževanje na domu'
213,13,17,1,'5. razred','Izobraževanje na domu'
214,17,17,1,'6. razred','Izobraževanje na domu'
214,16,17,1,'5. razred','Izobraževanje na domu'
214,14,17,1,'1. razred','Izobraževanje na domu'
214,14,17,1,'2. razred','Izobraževanje na domu'
218,15,17,1,'3. razred','Izobraževanje na domu'
218,15,17,1,'1. razred','Izobraževanje na domu'
218,15,17,2,'2. razred','Izobraževanje na domu'
219,20,17,1,'1. razred','Izobraževanje na domu'
219,21,17,1,'2. razred','Izobraževanje na domu'
220,20,17,1,'4. razred','Izobraževanje na domu'
220,14,17,2,'1. razred','Izobraževanje na domu'
220,19,17,1,'5. razred','Izobraževanje na domu'
220,20,17,1,'2. razred','Izobraževanje na domu'
222,21,17,1,'1. razred','Izobraževanje na domu'
223,19,17,1,'4. razred','Izobraževanje na domu'
223,19,17,1,'3. razred','Izobraževanje na domu'
223,18,17,1,'3. razred','Izobraževanje na domu'
223,18,17,1,'2. razred','Izobraževanje na domu'
223,16,17,1,'2. razred','Izobraževanje na domu'
223,17,17,1,'2. razred','Izobraževanje na domu'
223,17,17,2,'1. razred','Izobraževanje na domu'
223,15,17,1,'1. razred','Izobraževanje na domu'
223,17,17,1,'3. razred','Izobraževanje na domu'
225,18,17,1,'2. razred','Izobraževanje na domu'
225,18,17,1,'4. razred','Izobraževanje na domu'
228,14,17,1,'5. razred','Izobraževanje na domu'
231,21,17,1,'4. razred','Izobraževanje na domu'
231,21,17,1,'1. razred','Izobraževanje na domu'
231,18,17,1,'1. razred','Izobraževanje na domu'
231,19,17,1,'2. razred','Izobraževanje na domu'
231,20,17,1,'3. razred','Izobraževanje na domu'
233,19,17,1,'9. razred','Izobraževanje na domu'
233,20,17,1,'4. razred','Izobraževanje na domu'
233,21,17,2,'1. razred','Izobraževanje na domu'
233,21,17,1,'3. razred','Izobraževanje na domu'
233,21,17,1,'5. razred','Izobraževanje na domu'
237,17,17,2,'1. razred','Izobraževanje na domu'
243,20,17,1,'1. razred','Izobraževanje na domu'
243,21,17,1,'2. razred','Izobraževanje na domu'
247,21,17,2,'3. razred','Izobraževanje na domu'
247,19,17,2,'1. razred','Izobraževanje na domu'
247,20,17,2,'2. razred','Izobraževanje na domu'
248,20,17,1,'2. razred','Izobraževanje na domu'
248,19,17,1,'1. razred','Izobraževanje na domu'
248,21,17,1,'3. razred','Izobraževanje na domu'
262,15,17,1,'7. razred','Izobraževanje na domu'
265,21,17,1,'9. razred','Izobraževanje na domu'
265,11,17,1,'1. razred','Izobraževanje na domu'
265,20,17,1,'6. razred','Izobraževanje na domu'
265,21,17,2,'1. razred','Izobraževanje na domu'
266,21,17,1,'1. razred','Izobraževanje na domu'
267,20,17,1,'5. razred','Izobraževanje na domu'
267,21,17,1,'6. razred','Izobraževanje na domu'
267,19,17,1,'4. razred','Izobraževanje na domu'
267,19,17,1,'8. razred','Izobraževanje na domu'
267,16,17,1,'1. razred','Izobraževanje na domu'
267,17,17,1,'3. razred','Izobraževanje na domu'
267,18,17,1,'3. razred','Izobraževanje na domu'
267,16,17,1,'3. razred','Izobraževanje na domu'
267,17,17,1,'4. razred','Izobraževanje na domu'
268,20,17,1,'7. razred','Izobraževanje na domu'
268,15,17,3,'2. razred','Izobraževanje na domu'
268,20,17,1,'2. razred','Izobraževanje na domu'
268,21,17,1,'5. razred','Izobraževanje na domu'
268,21,17,1,'1. razred','Izobraževanje na domu'
268,19,17,1,'6. razred','Izobraževanje na domu'
268,19,17,1,'1. razred','Izobraževanje na domu'
268,17,17,1,'4. razred','Izobraževanje na domu'
268,17,17,1,'2. razred','Izobraževanje na domu'
268,18,17,1,'5. razred','Izobraževanje na domu'
268,18,17,1,'3. razred','Izobraževanje na domu'
268,13,17,1,'4. razred','Izobraževanje na domu'
268,13,17,2,'1. razred','Izobraževanje na domu'
268,14,17,1,'5. razred','Izobraževanje na domu'
268,14,17,1,'4. razred','Izobraževanje na domu'
268,14,17,2,'2. razred','Izobraževanje na domu'
268,14,17,5,'1. razred','Izobraževanje na domu'
268,16,17,2,'3. razred','Izobraževanje na domu'
268,16,17,2,'1. razred','Izobraževanje na domu'
268,15,17,1,'6. razred','Izobraževanje na domu'
268,20,17,1,'6. razred','Izobraževanje na domu'
269,19,17,1,'5. razred','Izobraževanje na domu'
269,19,17,1,'3. razred','Izobraževanje na domu'
269,18,17,2,'2. razred','Izobraževanje na domu'
269,17,17,1,'1. razred','Izobraževanje na domu'
269,18,17,2,'4. razred','Izobraževanje na domu'
269,19,17,1,'1. razred','Izobraževanje na domu'
270,21,17,1,'5. razred','Izobraževanje na domu'
270,21,17,1,'4. razred','Izobraževanje na domu'
270,21,17,1,'2. razred','Izobraževanje na domu'
270,21,17,2,'1. razred','Izobraževanje na domu'
270,21,17,1,'7. razred','Izobraževanje na domu'
270,20,17,2,'6. razred','Izobraževanje na domu'
270,20,17,1,'5. razred','Izobraževanje na domu'
270,20,17,1,'4. razred','Izobraževanje na domu'
270,20,17,1,'3. razred','Izobraževanje na domu'
270,20,17,1,'2. razred','Izobraževanje na domu'
270,20,17,1,'1. razred','Izobraževanje na domu'
270,19,17,3,'5. razred','Izobraževanje na domu'
270,19,17,2,'4. razred','Izobraževanje na domu'
270,19,17,2,'2. razred','Izobraževanje na domu'
270,19,17,3,'1. razred','Izobraževanje na domu'
270,17,17,1,'6. razred','Izobraževanje na domu'
270,17,17,1,'3. razred','Izobraževanje na domu'
270,18,17,2,'7. razred','Izobraževanje na domu'
270,18,17,1,'6. razred','Izobraževanje na domu'
270,18,17,3,'4. razred','Izobraževanje na domu'
270,18,17,2,'1. razred','Izobraževanje na domu'
271,19,17,1,'5. razred','Izobraževanje na domu'
271,19,17,2,'3. razred','Izobraževanje na domu'
271,19,17,1,'1. razred','Izobraževanje na domu'
271,20,17,1,'6. razred','Izobraževanje na domu'
271,16,17,1,'1. razred','Izobraževanje na domu'
271,17,17,1,'2. razred','Izobraževanje na domu'
271,18,17,1,'4. razred','Izobraževanje na domu'
271,18,17,1,'3. razred','Izobraževanje na domu'
271,18,17,2,'2. razred','Izobraževanje na domu'
271,20,17,1,'4. razred','Izobraževanje na domu'
274,21,17,1,'3. razred','Izobraževanje na domu'
274,15,17,4,'1. razred','Izobraževanje na domu'
274,19,17,2,'3. razred','Izobraževanje na domu'
274,19,17,1,'2. razred','Izobraževanje na domu'
274,19,17,1,'1. razred','Izobraževanje na domu'
274,20,17,1,'4. razred','Izobraževanje na domu'
274,20,17,1,'3. razred','Izobraževanje na domu'
274,20,17,2,'2. razred','Izobraževanje na domu'
274,20,17,4,'1. razred','Izobraževanje na domu'
274,17,17,1,'8. razred','Izobraževanje na domu'
274,17,17,3,'3. razred','Izobraževanje na domu'
274,17,17,1,'1. razred','Izobraževanje na domu'
274,18,17,3,'4. razred','Izobraževanje na domu'
274,18,17,1,'2. razred','Izobraževanje na domu'
274,18,17,2,'1. razred','Izobraževanje na domu'
274,16,17,1,'7. razred','Izobraževanje na domu'
274,16,17,1,'4. razred','Izobraževanje na domu'
274,16,17,4,'2. razred','Izobraževanje na domu'
274,15,17,1,'3. razred','Izobraževanje na domu'
274,21,17,1,'2. razred','Izobraževanje na domu'
275,19,17,1,'5. razred','Izobraževanje na domu'
275,15,17,1,'2. razred','Izobraževanje na domu'
275,21,17,1,'8. razred','Izobraževanje na domu'
275,21,17,1,'6. razred','Izobraževanje na domu'
275,21,17,1,'2. razred','Izobraževanje na domu'
275,21,17,3,'1. razred','Izobraževanje na domu'
275,20,17,1,'9. razred','Izobraževanje na domu'
275,20,17,1,'7. razred','Izobraževanje na domu'
275,20,17,1,'5. razred','Izobraževanje na domu'
275,20,17,1,'3. razred','Izobraževanje na domu'
275,20,17,1,'1. razred','Izobraževanje na domu'
275,19,17,1,'6. razred','Izobraževanje na domu'
275,17,17,1,'7. razred','Izobraževanje na domu'
275,17,17,1,'6. razred','Izobraževanje na domu'
275,17,17,2,'5. razred','Izobraževanje na domu'
275,17,17,2,'4. razred','Izobraževanje na domu'
275,17,17,1,'3. razred','Izobraževanje na domu'
275,17,17,2,'1. razred','Izobraževanje na domu'
275,18,17,1,'1. razred','Izobraževanje na domu'
275,18,17,1,'6. razred','Izobraževanje na domu'
275,18,17,2,'5. razred','Izobraževanje na domu'
275,18,17,1,'4. razred','Izobraževanje na domu'
275,14,17,1,'1. razred','Izobraževanje na domu'
275,16,17,1,'6. razred','Izobraževanje na domu'
275,16,17,1,'5. razred','Izobraževanje na domu'
275,16,17,1,'4. razred','Izobraževanje na domu'
275,16,17,1,'3. razred','Izobraževanje na domu'
275,15,17,1,'3. razred','Izobraževanje na domu'
275,19,17,1,'2. razred','Izobraževanje na domu'
277,21,17,1,'3. razred','Izobraževanje na domu'
277,21,17,1,'1. razred','Izobraževanje na domu'
277,18,17,1,'5. razred','Izobraževanje na domu'
277,18,17,1,'3. razred','Izobraževanje na domu'
277,15,17,1,'2. razred','Izobraževanje na domu'
277,17,17,1,'2. razred','Izobraževanje na domu'
277,14,17,1,'1. razred','Izobraževanje na domu'
277,16,17,1,'4. razred','Izobraževanje na domu'
277,16,17,1,'1. razred','Izobraževanje na domu'
277,19,17,1,'6. razred','Izobraževanje na domu'
279,21,17,1,'2. razred','Izobraževanje na domu'
279,21,17,1,'1. razred','Izobraževanje na domu'
279,20,17,1,'1. razred','Izobraževanje na domu'
279,19,17,1,'2. razred','Izobraževanje na domu'
279,15,17,1,'4. razred','Izobraževanje na domu'
279,16,17,1,'2. razred','Izobraževanje na domu'
279,17,17,1,'1. razred','Izobraževanje na domu'
279,12,17,1,'1. razred','Izobraževanje na domu'
279,13,17,1,'2. razred','Izobraževanje na domu'
279,14,17,1,'3. razred','Izobraževanje na domu'
279,15,17,1,'1. razred','Izobraževanje na domu'
284,20,17,1,'4. razred','Izobraževanje na domu'
286,20,17,1,'3. razred','Izobraževanje na domu'
286,21,17,1,'4. razred','Izobraževanje na domu'
286,20,17,1,'1. razred','Izobraževanje na domu'
287,11,17,1,'7. razred','Izobraževanje na domu'
287,16,17,1,'7. razred','Izobraževanje na domu'
287,16,17,1,'8. razred','Izobraževanje na domu'
287,12,17,1,'8. razred','Izobraževanje na domu'
288,21,17,1,'5. razred','Izobraževanje na domu'
288,21,17,1,'4. razred','Izobraževanje na domu'
288,20,17,1,'4. razred','Izobraževanje na domu'
288,20,17,1,'3. razred','Izobraževanje na domu'
288,18,17,1,'1. razred','Izobraževanje na domu'
288,19,17,1,'2. razred','Izobraževanje na domu'
288,17,17,1,'1. razred','Izobraževanje na domu'
288,18,17,1,'2. razred','Izobraževanje na domu'
288,19,17,1,'3. razred','Izobraževanje na domu'
289,20,17,1,'1. razred','Izobraževanje na domu'
289,21,17,2,'1. razred','Izobraževanje na domu'
289,16,17,1,'2. razred','Izobraževanje na domu'
289,15,17,1,'1. razred','Izobraževanje na domu'
289,17,17,1,'3. razred','Izobraževanje na domu'
289,21,17,1,'2. razred','Izobraževanje na domu'
291,20,17,1,'4. razred','Izobraževanje na domu'
291,19,17,1,'3. razred','Izobraževanje na domu'
291,18,17,1,'2. razred','Izobraževanje na domu'
291,21,17,1,'3. razred','Izobraževanje na domu'
292,20,17,1,'6. razred','Izobraževanje na domu'
292,15,17,1,'1. razred','Izobraževanje na domu'
292,16,17,1,'2. razred','Izobraževanje na domu'
292,18,17,1,'4. razred','Izobraževanje na domu'
292,18,17,1,'1. razred','Izobraževanje na domu'
292,17,17,1,'3. razred','Izobraževanje na domu'
296,21,17,1,'5. razred','Izobraževanje na domu'
296,21,17,1,'3. razred','Izobraževanje na domu'
296,21,17,3,'1. razred','Izobraževanje na domu'
296,20,17,1,'8. razred','Izobraževanje na domu'
296,18,17,1,'2. razred','Izobraževanje na domu'
296,20,17,1,'1. razred','Izobraževanje na domu'
296,19,17,1,'1. razred','Izobraževanje na domu'
296,19,17,1,'3. razred','Izobraževanje na domu'
296,17,17,1,'1. razred','Izobraževanje na domu'
296,20,17,1,'2. razred','Izobraževanje na domu'
297,21,17,1,'3. razred','Izobraževanje na domu'
297,20,17,1,'3. razred','Izobraževanje na domu'
297,20,17,1,'1. razred','Izobraževanje na domu'
297,16,17,1,'1. razred','Izobraževanje na domu'
297,18,17,1,'1. razred','Izobraževanje na domu'
297,19,17,1,'2. razred','Izobraževanje na domu'
297,17,17,1,'2. razred','Izobraževanje na domu'
297,18,17,1,'3. razred','Izobraževanje na domu'
298,21,17,1,'1. razred','Izobraževanje na domu'
298,19,17,1,'8. razred','Izobraževanje na domu'
298,15,17,1,'3. razred','Izobraževanje na domu'
298,15,17,1,'1. razred','Izobraževanje na domu'
298,16,17,1,'1. razred','Izobraževanje na domu'
298,18,17,1,'1. razred','Izobraževanje na domu'
298,11,17,1,'8. razred','Izobraževanje na domu'
298,12,17,1,'9. razred','Izobraževanje na domu'
298,16,17,1,'4. razred','Izobraževanje na domu'
298,18,17,1,'3. razred','Izobraževanje na domu'
299,21,17,1,'2. razred','Izobraževanje na domu'
299,16,17,1,'4. razred','Izobraževanje na domu'
299,15,17,1,'3. razred','Izobraževanje na domu'
299,15,17,1,'9. razred','Izobraževanje na domu'
300,17,17,1,'1. razred','Izobraževanje na domu'
300,18,17,1,'2. razred','Izobraževanje na domu'
300,20,17,2,'1. razred','Izobraževanje na domu'
300,21,17,1,'2. razred','Izobraževanje na domu'
301,21,17,1,'2. razred','Izobraževanje na domu'
301,14,17,1,'1. razred','Izobraževanje na domu'
301,20,17,2,'1. razred','Izobraževanje na domu'
301,20,17,1,'2. razred','Izobraževanje na domu'
301,20,17,1,'7. razred','Izobraževanje na domu'
301,21,17,1,'8. razred','Izobraževanje na domu'
301,21,17,2,'1. razred','Izobraževanje na domu'
301,19,17,1,'6. razred','Izobraževanje na domu'
301,18,17,1,'5. razred','Izobraževanje na domu'
301,17,17,1,'4. razred','Izobraževanje na domu'
301,15,17,1,'2. razred','Izobraževanje na domu'
301,16,17,1,'3. razred','Izobraževanje na domu'
301,16,17,1,'6. razred','Izobraževanje na domu'
303,19,17,1,'2. razred','Izobraževanje na domu'
303,20,17,1,'3. razred','Izobraževanje na domu'
303,18,17,1,'5. razred','Izobraževanje na domu'
303,17,17,1,'4. razred','Izobraževanje na domu'
303,14,17,1,'1. razred','Izobraževanje na domu'
303,18,17,1,'1. razred','Izobraževanje na domu'
303,21,17,1,'4. razred','Izobraževanje na domu'
303,16,17,1,'3. razred','Izobraževanje na domu'
303,15,17,1,'2. razred','Izobraževanje na domu'
303,11,17,1,'9. razred','Izobraževanje na domu'
305,16,17,1,'3. razred','Izobraževanje na domu'
305,14,17,1,'1. razred','Izobraževanje na domu'
305,15,17,1,'2. razred','Izobraževanje na domu'
305,21,17,1,'4. razred','Izobraževanje na domu'
306,21,17,1,'1. razred','Izobraževanje na domu'
307,18,17,1,'8. razred','Izobraževanje na domu'
307,18,17,1,'6. razred','Izobraževanje na domu'
308,21,17,2,'4. razred','Izobraževanje na domu'
308,21,17,1,'6. razred','Izobraževanje na domu'
308,21,17,1,'9. razred','Izobraževanje na domu'
308,20,17,1,'2. razred','Izobraževanje na domu'
308,20,17,1,'1. razred','Izobraževanje na domu'
308,19,17,1,'2. razred','Izobraževanje na domu'
308,21,17,1,'3. razred','Izobraževanje na domu'
308,20,17,2,'3. razred','Izobraževanje na domu'
309,14,17,1,'1. razred','Izobraževanje na domu'
309,15,17,1,'2. razred','Izobraževanje na domu'
309,19,17,1,'2. razred','Izobraževanje na domu'
309,18,17,1,'1. razred','Izobraževanje na domu'
309,21,17,1,'1. razred','Izobraževanje na domu'
309,18,17,1,'5. razred','Izobraževanje na domu'
311,21,17,1,'1. razred','Izobraževanje na domu'
312,12,17,1,'3. razred','Izobraževanje na domu'
312,16,17,2,'4. razred','Izobraževanje na domu'
312,16,17,1,'3. razred','Izobraževanje na domu'
312,16,17,1,'2. razred','Izobraževanje na domu'
312,15,17,1,'3. razred','Izobraževanje na domu'
312,15,17,1,'2. razred','Izobraževanje na domu'
312,15,17,1,'1. razred','Izobraževanje na domu'
312,17,17,1,'9. razred','Izobraževanje na domu'
312,17,17,1,'6. razred','Izobraževanje na domu'
312,17,17,1,'5. razred','Izobraževanje na domu'
312,17,17,2,'3. razred','Izobraževanje na domu'
312,17,17,2,'1. razred','Izobraževanje na domu'
312,18,17,1,'7. razred','Izobraževanje na domu'
312,18,17,1,'3. razred','Izobraževanje na domu'
312,18,17,3,'2. razred','Izobraževanje na domu'
312,18,17,1,'1. razred','Izobraževanje na domu'
312,19,17,2,'4. razred','Izobraževanje na domu'
312,19,17,3,'3. razred','Izobraževanje na domu'
312,19,17,2,'2. razred','Izobraževanje na domu'
312,19,17,2,'1. razred','Izobraževanje na domu'
312,20,17,1,'5. razred','Izobraževanje na domu'
312,20,17,1,'4. razred','Izobraževanje na domu'
312,20,17,2,'3. razred','Izobraževanje na domu'
312,20,17,2,'2. razred','Izobraževanje na domu'
312,21,17,1,'6. razred','Izobraževanje na domu'
312,21,17,1,'5. razred','Izobraževanje na domu'
312,21,17,1,'4. razred','Izobraževanje na domu'
312,21,17,2,'3. razred','Izobraževanje na domu'
313,18,17,1,'8. razred','Izobraževanje na domu'
313,18,17,1,'1. razred','Izobraževanje na domu'
313,20,17,1,'4. razred','Izobraževanje na domu'
313,21,17,2,'5. razred','Izobraževanje na domu'
314,17,17,1,'4. razred','Izobraževanje na domu'
314,17,17,1,'3. razred','Izobraževanje na domu'
314,17,17,1,'1. razred','Izobraževanje na domu'
314,14,17,1,'9. razred','Izobraževanje na domu'
314,14,17,1,'1. razred','Izobraževanje na domu'
314,19,17,1,'1. razred','Izobraževanje na domu'
314,20,17,1,'2. razred','Izobraževanje na domu'
314,20,17,1,'1. razred','Izobraževanje na domu'
314,21,17,1,'3. razred','Izobraževanje na domu'
314,21,17,1,'2. razred','Izobraževanje na domu'
315,18,17,1,'7. razred','Izobraževanje na domu'
315,18,17,1,'4. razred','Izobraževanje na domu'
315,21,17,1,'1. razred','Izobraževanje na domu'
316,16,17,1,'1. razred','Izobraževanje na domu'
316,15,17,1,'9. razred','Izobraževanje na domu'
316,17,17,1,'2. razred','Izobraževanje na domu'
316,17,17,2,'1. razred','Izobraževanje na domu'
316,14,17,1,'8. razred','Izobraževanje na domu'
316,13,17,1,'7. razred','Izobraževanje na domu'
316,18,17,2,'1. razred','Izobraževanje na domu'
316,19,17,1,'2. razred','Izobraževanje na domu'
316,21,17,1,'4. razred','Izobraževanje na domu'
316,21,17,3,'2. razred','Izobraževanje na domu'
316,21,17,1,'1. razred','Izobraževanje na domu'
316,20,17,1,'3. razred','Izobraževanje na domu'
316,20,17,3,'1. razred','Izobraževanje na domu'
317,17,17,1,'1. razred','Izobraževanje na domu'
317,12,17,1,'9. razred','Izobraževanje na domu'
317,19,17,1,'3. razred','Izobraževanje na domu'
317,18,17,1,'2. razred','Izobraževanje na domu'
317,20,17,1,'4. razred','Izobraževanje na domu'
317,20,17,1,'2. razred','Izobraževanje na domu'
317,20,17,2,'1. razred','Izobraževanje na domu'
317,19,17,1,'1. razred','Izobraževanje na domu'
317,21,17,1,'5. razred','Izobraževanje na domu'
317,21,17,1,'3. razred','Izobraževanje na domu'
317,21,17,2,'2. razred','Izobraževanje na domu'
317,21,17,3,'1. razred','Izobraževanje na domu'
319,21,17,1,'9. razred','Izobraževanje na domu'
319,21,17,1,'8. razred','Izobraževanje na domu'
319,21,17,1,'6. razred','Izobraževanje na domu'
319,18,17,1,'5. razred','Izobraževanje na domu'
319,18,17,1,'3. razred','Izobraževanje na domu'
319,18,17,2,'1. razred','Izobraževanje na domu'
319,19,17,1,'7. razred','Izobraževanje na domu'
319,19,17,2,'6. razred','Izobraževanje na domu'
319,19,17,2,'4. razred','Izobraževanje na domu'
319,19,17,1,'2. razred','Izobraževanje na domu'
319,19,17,1,'1. razred','Izobraževanje na domu'
319,20,17,1,'8. razred','Izobraževanje na domu'
319,20,17,1,'7. razred','Izobraževanje na domu'
319,20,17,2,'5. razred','Izobraževanje na domu'
319,20,17,1,'3. razred','Izobraževanje na domu'
319,20,17,1,'1. razred','Izobraževanje na domu'
319,21,17,1,'2. razred','Izobraževanje na domu'
320,20,17,1,'4. razred','Izobraževanje na domu'
322,19,17,1,'2. razred','Izobraževanje na domu'
322,18,17,1,'1. razred','Izobraževanje na domu'
322,20,17,1,'3. razred','Izobraževanje na domu'
322,21,17,1,'4. razred','Izobraževanje na domu'
323,20,17,1,'6. razred','Izobraževanje na domu'
326,19,17,1,'2. razred','Izobraževanje na domu'
326,18,17,1,'1. razred','Izobraževanje na domu'
326,21,17,1,'4. razred','Izobraževanje na domu'
326,21,17,2,'2. razred','Izobraževanje na domu'
326,20,17,1,'3. razred','Izobraževanje na domu'
328,15,17,1,'6. razred','Izobraževanje na domu'
328,18,17,1,'2. razred','Izobraževanje na domu'
330,15,17,1,'4. razred','Izobraževanje na domu'
330,17,17,1,'6. razred','Izobraževanje na domu'
330,17,17,1,'2. razred','Izobraževanje na domu'
338,17,17,1,'8. razred','Izobraževanje na domu'
338,14,17,1,'5. razred','Izobraževanje na domu'
338,11,17,1,'2. razred','Izobraževanje na domu'
338,12,17,1,'3. razred','Izobraževanje na domu'
338,13,17,1,'4. razred','Izobraževanje na domu'
345,15,17,1,'4. razred','Izobraževanje na domu'
345,15,17,1,'2. razred','Izobraževanje na domu'
345,14,17,1,'3. razred','Izobraževanje na domu'
345,14,17,1,'1. razred','Izobraževanje na domu'
345,12,17,1,'1. razred','Izobraževanje na domu'
349,21,17,1,'1. razred','Izobraževanje na domu'
351,21,17,1,'1. razred','Izobraževanje na domu'
354,11,17,1,'8. razred','Izobraževanje na domu'
358,14,17,1,'6. razred','Izobraževanje na domu'
359,16,17,1,'2. razred','Izobraževanje na domu'
359,17,17,1,'3. razred','Izobraževanje na domu'
359,19,17,1,'4. razred','Izobraževanje na domu'
359,19,17,1,'1. razred','Izobraževanje na domu'
359,20,17,1,'5. razred','Izobraževanje na domu'
359,20,17,1,'2. razred','Izobraževanje na domu'
365,14,17,1,'9. razred','Izobraževanje na domu'
366,18,17,1,'6. razred','Izobraževanje na domu'
366,21,17,1,'2. razred','Izobraževanje na domu'
366,21,17,3,'1. razred','Izobraževanje na domu'
368,17,17,1,'1. razred','Izobraževanje na domu'
368,19,17,1,'3. razred','Izobraževanje na domu'
368,19,17,1,'2. razred','Izobraževanje na domu'
368,18,17,1,'2. razred','Izobraževanje na domu'
368,18,17,1,'1. razred','Izobraževanje na domu'
368,21,17,1,'5. razred','Izobraževanje na domu'
368,21,17,1,'4. razred','Izobraževanje na domu'
368,21,17,1,'2. razred','Izobraževanje na domu'
368,21,17,1,'1. razred','Izobraževanje na domu'
368,20,17,1,'4. razred','Izobraževanje na domu'
368,20,17,1,'3. razred','Izobraževanje na domu'
368,20,17,1,'1. razred','Izobraževanje na domu'
372,15,17,1,'6. razred','Izobraževanje na domu'
372,15,17,1,'3. razred','Izobraževanje na domu'
372,14,17,1,'5. razred','Izobraževanje na domu'
372,14,17,1,'2. razred','Izobraževanje na domu'
372,13,17,1,'4. razred','Izobraževanje na domu'
372,13,17,1,'1. razred','Izobraževanje na domu'
373,19,17,1,'6. razred','Izobraževanje na domu'
373,19,17,2,'2. razred','Izobraževanje na domu'
373,20,17,2,'1. razred','Izobraževanje na domu'
373,21,17,2,'6. razred','Izobraževanje na domu'
373,21,17,2,'5. razred','Izobraževanje na domu'
373,21,17,1,'2. razred','Izobraževanje na domu'
373,21,17,2,'1. razred','Izobraževanje na domu'
374,16,17,1,'9. razred','Izobraževanje na domu'
374,16,17,2,'2. razred','Izobraževanje na domu'
374,15,17,2,'3. razred','Izobraževanje na domu'
374,15,17,1,'2. razred','Izobraževanje na domu'
374,17,17,2,'3. razred','Izobraževanje na domu'
374,14,17,2,'2. razred','Izobraževanje na domu'
374,14,17,1,'1. razred','Izobraževanje na domu'
374,13,17,1,'1. razred','Izobraževanje na domu'
374,18,17,2,'4. razred','Izobraževanje na domu'
374,18,17,1,'9. razred','Izobraževanje na domu'
374,18,17,1,'7. razred','Izobraževanje na domu'
375,17,17,1,'1. razred','Izobraževanje na domu'
375,19,17,1,'4. razred','Izobraževanje na domu'
375,21,17,1,'1. razred','Izobraževanje na domu'
377,21,17,4,'5. razred','Izobraževanje na domu'
377,21,17,1,'1. razred','Izobraževanje na domu'
377,19,17,1,'1. razred','Izobraževanje na domu'
377,19,17,1,'5. razred','Izobraževanje na domu'
377,19,17,1,'2. razred','Izobraževanje na domu'
377,19,17,1,'3. razred','Izobraževanje na domu'
377,20,17,1,'3. razred','Izobraževanje na domu'
377,20,17,2,'1. razred','Izobraževanje na domu'
377,20,17,1,'7. razred','Izobraževanje na domu'
377,20,17,2,'5. razred','Izobraževanje na domu'
377,20,17,4,'4. razred','Izobraževanje na domu'
378,21,17,1,'9. razred','Izobraževanje na domu'
378,20,17,1,'9. razred','Izobraževanje na domu'
393,21,17,1,'7. razred','Izobraževanje na domu'
393,21,17,1,'9. razred','Izobraževanje na domu'
393,19,17,1,'7. razred','Izobraževanje na domu'
393,17,17,1,'1. razred','Izobraževanje na domu'
393,20,17,1,'8. razred','Izobraževanje na domu'
393,20,17,1,'6. razred','Izobraževanje na domu'
393,19,17,1,'5. razred','Izobraževanje na domu'
393,19,17,1,'3. razred','Izobraževanje na domu'
393,18,17,1,'8. razred','Izobraževanje na domu'
393,16,17,1,'4. razred','Izobraževanje na domu'
393,18,17,1,'6. razred','Izobraževanje na domu'
393,18,17,1,'4. razred','Izobraževanje na domu'
393,19,17,1,'9. razred','Izobraževanje na domu'
393,16,17,1,'6. razred','Izobraževanje na domu'
393,17,17,1,'5. razred','Izobraževanje na domu'
393,17,17,1,'7. razred','Izobraževanje na domu'
393,17,17,1,'3. razred','Izobraževanje na domu'
393,18,17,1,'2. razred','Izobraževanje na domu'
393,15,17,1,'1. razred','Izobraževanje na domu'
393,15,17,1,'3. razred','Izobraževanje na domu'
393,15,17,1,'5. razred','Izobraževanje na domu'
393,16,17,1,'2. razred','Izobraževanje na domu'
393,20,17,1,'4. razred','Izobraževanje na domu'
393,21,17,1,'5. razred','Izobraževanje na domu'
396,18,17,1,'1. razred','Izobraževanje na domu'
396,18,17,1,'5. razred','Izobraževanje na domu'
396,19,17,1,'2. razred','Izobraževanje na domu'
396,13,17,1,'5. razred','Izobraževanje na domu'
396,20,17,1,'7. razred','Izobraževanje na domu'
398,17,17,1,'6. razred','Izobraževanje na domu'
398,17,17,1,'8. razred','Izobraževanje na domu'
399,12,17,1,'7. razred','Izobraževanje na domu'
399,11,17,2,'1. razred','Izobraževanje na domu'
399,17,17,1,'1. razred','Izobraževanje na domu'
399,14,17,1,'4. razred','Izobraževanje na domu'
399,14,17,1,'9. razred','Izobraževanje na domu'
399,15,17,1,'5. razred','Izobraževanje na domu'
399,13,17,1,'3. razred','Izobraževanje na domu'
399,13,17,1,'8. razred','Izobraževanje na domu'
399,20,17,1,'4. razred','Izobraževanje na domu'
399,12,17,1,'2. razred','Izobraževanje na domu'
399,18,17,1,'2. razred','Izobraževanje na domu'
399,11,17,1,'6. razred','Izobraževanje na domu'
400,21,17,1,'8. razred','Izobraževanje na domu'
411,21,17,1,'2. razred','Izobraževanje na domu'
417,11,17,6,'6. razred','Izobraževanje na domu'
417,11,17,5,'5. razred','Izobraževanje na domu'
417,11,17,4,'4. razred','Izobraževanje na domu'
417,11,17,3,'3. razred','Izobraževanje na domu'
417,11,17,2,'2. razred','Izobraževanje na domu'
417,11,17,1,'1. razred','Izobraževanje na domu'
417,11,17,7,'7. razred','Izobraževanje na domu'
417,11,17,9,'9. razred','Izobraževanje na domu'
417,11,17,8,'8. razred','Izobraževanje na domu'
431,17,17,1,'7. razred','Izobraževanje na domu'
431,16,17,1,'1. razred','Izobraževanje na domu'
435,19,17,1,'9. razred','Izobraževanje na domu'
436,21,17,1,'1. razred','Izobraževanje na domu'
451,21,17,1,'1. razred','Izobraževanje na domu'
456,21,17,1,'1. razred','Izobraževanje na domu'
456,20,17,1,'1. razred','Izobraževanje na domu'
458,12,17,1,'7. razred','Izobraževanje na domu'
458,13,17,1,'8. razred','Izobraževanje na domu'
458,20,17,2,'7. razred','Izobraževanje na domu'
458,20,17,1,'4. razred','Izobraževanje na domu'
458,20,17,1,'2. razred','Izobraževanje na domu'
458,21,17,1,'8. razred','Izobraževanje na domu'
458,21,17,1,'5. razred','Izobraževanje na domu'
458,21,17,1,'4. razred','Izobraževanje na domu'
458,21,17,1,'3. razred','Izobraževanje na domu'
458,21,17,2,'1. razred','Izobraževanje na domu'
458,19,17,1,'9. razred','Izobraževanje na domu'
458,19,17,1,'7. razred','Izobraževanje na domu'
458,19,17,2,'6. razred','Izobraževanje na domu'
458,19,17,1,'3. razred','Izobraževanje na domu'
458,19,17,1,'2. razred','Izobraževanje na domu'
458,19,17,1,'1. razred','Izobraževanje na domu'
458,16,17,1,'9. razred','Izobraževanje na domu'
458,16,17,2,'7. razred','Izobraževanje na domu'
458,18,17,2,'9. razred','Izobraževanje na domu'
458,18,17,1,'8. razred','Izobraževanje na domu'
458,18,17,1,'6. razred','Izobraževanje na domu'
458,18,17,1,'2. razred','Izobraževanje na domu'
458,17,17,2,'8. razred','Izobraževanje na domu'
458,17,17,1,'1. razred','Izobraževanje na domu'
458,15,17,1,'8. razred','Izobraževanje na domu'
458,15,17,1,'6. razred','Izobraževanje na domu'
458,14,17,1,'9. razred','Izobraževanje na domu'
458,14,17,1,'7. razred','Izobraževanje na domu'
461,17,17,1,'7. razred','Izobraževanje na domu'
466,19,17,1,'3. razred','Izobraževanje na domu'
466,20,17,1,'1. razred','Izobraževanje na domu'
466,20,17,1,'4. razred','Izobraževanje na domu'
468,20,17,1,'9. razred','Izobraževanje na domu'
468,20,17,1,'5. razred','Izobraževanje na domu'
470,19,17,1,'9. razred','Izobraževanje na domu'
480,19,17,1,'9. razred','Izobraževanje na domu'
484,13,17,1,'1. razred','Izobraževanje na domu'
484,12,17,1,'1. razred','Izobraževanje na domu'
484,13,17,1,'2. razred','Izobraževanje na domu'
484,14,17,1,'2. razred','Izobraževanje na domu'
484,14,17,1,'3. razred','Izobraževanje na domu'
484,15,17,1,'1. razred','Izobraževanje na domu'
484,15,17,1,'3. razred','Izobraževanje na domu'
484,15,17,1,'4. razred','Izobraževanje na domu'
484,17,17,2,'1. razred','Izobraževanje na domu'
484,17,17,1,'3. razred','Izobraževanje na domu'
484,17,17,1,'5. razred','Izobraževanje na domu'
484,16,17,1,'5. razred','Izobraževanje na domu'
484,16,17,1,'4. razred','Izobraževanje na domu'
484,16,17,1,'2. razred','Izobraževanje na domu'
484,17,17,1,'6. razred','Izobraževanje na domu'
489,21,17,1,'4. razred','Izobraževanje na domu'
489,19,17,1,'2. razred','Izobraževanje na domu'
489,20,17,1,'3. razred','Izobraževanje na domu'
489,18,17,1,'1. razred','Izobraževanje na domu'
495,19,17,2,'6. razred','Izobraževanje na domu'
495,16,17,1,'6. razred','Izobraževanje na domu'
495,14,17,2,'4. razred','Izobraževanje na domu'
495,15,17,2,'5. razred','Izobraževanje na domu'
498,21,17,1,'1. razred','Izobraževanje na domu'
503,21,17,1,'3. razred','Izobraževanje na domu'
503,21,17,1,'6. razred','Izobraževanje na domu'
504,21,17,1,'4. razred','Izobraževanje na domu'
504,21,17,2,'5. razred','Izobraževanje na domu'
504,17,17,1,'1. razred','Izobraževanje na domu'
504,20,17,1,'3. razred','Izobraževanje na domu'
504,19,17,2,'1. razred','Izobraževanje na domu'
504,19,17,1,'4. razred','Izobraževanje na domu'
504,20,17,1,'4. razred','Izobraževanje na domu'
504,20,17,1,'2. razred','Izobraževanje na domu'
504,18,17,1,'3. razred','Izobraževanje na domu'
504,20,17,1,'5. razred','Izobraževanje na domu'
505,21,17,1,'5. razred','Izobraževanje na domu'
505,15,17,1,'1. razred','Izobraževanje na domu'
505,15,17,1,'4. razred','Izobraževanje na domu'
506,21,17,1,'2. razred','Izobraževanje na domu'
506,20,17,1,'1. razred','Izobraževanje na domu'
506,20,17,1,'3. razred','Izobraževanje na domu'
506,18,17,1,'1. razred','Izobraževanje na domu'
506,19,17,1,'2. razred','Izobraževanje na domu'
506,21,17,1,'4. razred','Izobraževanje na domu'
513,18,17,2,'1. razred','Izobraževanje na domu'
513,18,17,1,'8. razred','Izobraževanje na domu'
513,18,17,1,'6. razred','Izobraževanje na domu'
513,19,17,2,'2. razred','Izobraževanje na domu'
513,19,17,1,'6. razred','Izobraževanje na domu'
513,19,17,1,'8. razred','Izobraževanje na domu'
513,20,17,1,'2. razred','Izobraževanje na domu'
513,20,17,1,'3. razred','Izobraževanje na domu'
513,21,17,1,'2. razred','Izobraževanje na domu'
513,21,17,1,'5. razred','Izobraževanje na domu'
513,21,17,1,'3. razred','Izobraževanje na domu'
513,14,17,1,'4. razred','Izobraževanje na domu'
514,12,17,1,'1. razred','Izobraževanje na domu'
517,19,17,1,'8. razred','Izobraževanje na domu'
519,19,17,1,'6. razred','Izobraževanje na domu'
519,19,17,1,'2. razred','Izobraževanje na domu'
519,20,17,1,'4. razred','Izobraževanje na domu'
519,16,17,1,'6. razred','Izobraževanje na domu'
521,20,17,1,'2. razred','Izobraževanje na domu'
521,19,17,1,'2. razred','Izobraževanje na domu'
521,18,17,1,'1. razred','Izobraževanje na domu'
528,21,17,1,'1. razred','Izobraževanje na domu'
528,19,17,1,'1. razred','Izobraževanje na domu'
528,21,17,1,'3. razred','Izobraževanje na domu'
528,20,17,1,'2. razred','Izobraževanje na domu'
534,18,17,1,'2. razred','Izobraževanje na domu'
534,17,17,1,'1. razred','Izobraževanje na domu'
536,15,17,1,'7. razred','Izobraževanje na domu'
536,15,17,1,'1. razred','Izobraževanje na domu'
536,20,17,1,'9. razred','Izobraževanje na domu'
536,20,17,1,'7. razred','Izobraževanje na domu'
536,20,17,1,'5. razred','Izobraževanje na domu'
536,21,17,1,'1. razred','Izobraževanje na domu'
536,19,17,1,'5. razred','Izobraževanje na domu'
536,19,17,1,'3. razred','Izobraževanje na domu'
536,18,17,1,'4. razred','Izobraževanje na domu'
536,18,17,1,'2. razred','Izobraževanje na domu'
536,16,17,1,'8. razred','Izobraževanje na domu'
543,15,17,1,'7. razred','Izobraževanje na domu'
544,18,17,1,'9. razred','Izobraževanje na domu'
545,18,17,1,'7. razred','Izobraževanje na domu'
545,18,17,1,'4. razred','Izobraževanje na domu'
546,13,17,1,'6. razred','Izobraževanje na domu'
546,13,17,1,'5. razred','Izobraževanje na domu'
546,13,17,1,'3. razred','Izobraževanje na domu'
546,21,17,1,'9. razred','Izobraževanje na domu'
546,21,17,1,'3. razred','Izobraževanje na domu'
546,20,17,1,'9. razred','Izobraževanje na domu'
546,20,17,2,'8. razred','Izobraževanje na domu'
546,19,17,1,'8. razred','Izobraževanje na domu'
550,15,17,1,'7. razred','Izobraževanje na domu'
550,15,17,1,'5. razred','Izobraževanje na domu'
550,14,17,1,'6. razred','Izobraževanje na domu'
550,14,17,1,'4. razred','Izobraževanje na domu'
550,19,17,1,'8. razred','Izobraževanje na domu'
550,17,17,1,'9. razred','Izobraževanje na domu'
550,17,17,1,'7. razred','Izobraževanje na domu'
551,21,17,1,'5. razred','Izobraževanje na domu'
551,19,17,1,'3. razred','Izobraževanje na domu'
551,20,17,1,'4. razred','Izobraževanje na domu'
551,17,17,1,'1. razred','Izobraževanje na domu'
551,18,17,1,'2. razred','Izobraževanje na domu'
553,14,17,1,'8. razred','Izobraževanje na domu'
556,21,17,1,'3. razred','Izobraževanje na domu'
556,20,17,1,'2. razred','Izobraževanje na domu'
556,19,17,1,'3. razred','Izobraževanje na domu'
556,19,17,1,'1. razred','Izobraževanje na domu'
557,21,17,1,'5. razred','Izobraževanje na domu'
557,20,17,1,'4. razred','Izobraževanje na domu'
557,20,17,1,'2. razred','Izobraževanje na domu'
557,19,17,1,'1. razred','Izobraževanje na domu'
557,19,17,1,'3. razred','Izobraževanje na domu'
558,15,17,1,'6. razred','Izobraževanje na domu'
558,13,17,1,'6. razred','Izobraževanje na domu'
559,14,17,1,'4. razred','Izobraževanje na domu'
559,11,17,1,'2. razred','Izobraževanje na domu'
559,12,17,1,'3. razred','Izobraževanje na domu'
559,13,17,1,'4. razred','Izobraževanje na domu'
559,19,17,1,'1. razred','Izobraževanje na domu'
560,16,17,1,'9. razred','Izobraževanje na domu'
561,18,17,2,'6. razred','Izobraževanje na domu'
565,19,17,2,'1. razred','Izobraževanje na domu'
565,18,17,1,'1. razred','Izobraževanje na domu'
575,15,17,1,'6. razred','Izobraževanje na domu'
575,14,17,1,'5. razred','Izobraževanje na domu'
575,17,17,1,'8. razred','Izobraževanje na domu'
575,16,17,1,'7. razred','Izobraževanje na domu'
575,16,17,1,'5. razred','Izobraževanje na domu'
575,18,17,1,'9. razred','Izobraževanje na domu'
578,13,17,1,'1. razred','Izobraževanje na domu'
578,14,17,1,'1. razred','Izobraževanje na domu'
580,13,17,1,'9. razred','Izobraževanje na domu'
581,15,17,1,'6. razred','Izobraževanje na domu'
581,15,17,1,'2. razred','Izobraževanje na domu'
581,14,17,1,'8. razred','Izobraževanje na domu'
581,14,17,1,'6. razred','Izobraževanje na domu'
581,14,17,1,'5. razred','Izobraževanje na domu'
581,14,17,1,'4. razred','Izobraževanje na domu'
581,14,17,1,'1. razred','Izobraževanje na domu'
581,12,17,1,'8. razred','Izobraževanje na domu'
581,12,17,1,'6. razred','Izobraževanje na domu'
581,12,17,1,'4. razred','Izobraževanje na domu'
581,12,17,1,'2. razred','Izobraževanje na domu'
581,19,17,1,'1. razred','Izobraževanje na domu'
581,17,17,1,'8. razred','Izobraževanje na domu'
581,18,17,1,'9. razred','Izobraževanje na domu'
581,16,17,1,'7. razred','Izobraževanje na domu'
581,16,17,1,'1. razred','Izobraževanje na domu'
582,15,17,1,'1. razred','Izobraževanje na domu'
582,19,17,1,'5. razred','Izobraževanje na domu'
582,19,17,1,'4. razred','Izobraževanje na domu'
582,18,17,1,'4. razred','Izobraževanje na domu'
582,18,17,1,'3. razred','Izobraževanje na domu'
582,17,17,1,'3. razred','Izobraževanje na domu'
582,17,17,1,'2. razred','Izobraževanje na domu'
582,16,17,1,'2. razred','Izobraževanje na domu'
582,16,17,1,'1. razred','Izobraževanje na domu'
598,13,17,1,'8. razred','Izobraževanje na domu'
598,14,17,1,'9. razred','Izobraževanje na domu'
598,12,17,1,'7. razred','Izobraževanje na domu'
601,17,17,1,'5. razred','Izobraževanje na domu'
602,18,17,1,'6. razred','Izobraževanje na domu'
602,19,17,1,'7. razred','Izobraževanje na domu'
607,14,17,1,'4. razred','Izobraževanje na domu'
614,21,17,6,'2. razred','Izobraževanje na domu'
614,18,17,7,'1. razred','Izobraževanje na domu'
614,18,17,2,'2. razred','Izobraževanje na domu'
614,18,17,1,'4. razred','Izobraževanje na domu'
614,17,17,2,'1. razred','Izobraževanje na domu'
614,20,17,5,'1. razred','Izobraževanje na domu'
614,20,17,5,'2. razred','Izobraževanje na domu'
614,19,17,4,'1. razred','Izobraževanje na domu'
614,19,17,1,'5. razred','Izobraževanje na domu'
614,19,17,2,'3. razred','Izobraževanje na domu'
614,19,17,7,'2. razred','Izobraževanje na domu'
614,21,17,1,'7. razred','Izobraževanje na domu'
614,21,17,1,'6. razred','Izobraževanje na domu'
614,21,17,4,'4. razred','Izobraževanje na domu'
614,21,17,6,'3. razred','Izobraževanje na domu'
614,21,17,5,'1. razred','Izobraževanje na domu'
614,20,17,1,'6. razred','Izobraževanje na domu'
614,20,17,2,'4. razred','Izobraževanje na domu'
614,20,17,6,'3. razred','Izobraževanje na domu'
634,12,17,1,'1. razred','Izobraževanje na domu'
635,21,17,1,'8. razred','Izobraževanje na domu'
637,21,17,1,'7. razred','Izobraževanje na domu'
645,11,17,1000,'1. razred','Izobraževanje na domu'
652,19,17,1,'2. razred','Izobraževanje na domu'
664,13,17,1,'3. razred','Izobraževanje na domu'
674,21,17,1,'1. razred','Izobraževanje na domu'
675,14,17,1,'6. razred','Izobraževanje na domu'
675,14,17,1,'4. razred','Izobraževanje na domu'
675,21,17,1,'9. razred','Izobraževanje na domu'
675,21,17,1,'3. razred','Izobraževanje na domu'
675,20,17,1,'2. razred','Izobraževanje na domu'
675,19,17,1,'9. razred','Izobraževanje na domu'
675,17,17,1,'7. razred','Izobraževanje na domu'
675,16,17,1,'6. razred','Izobraževanje na domu'
675,18,17,1,'8. razred','Izobraževanje na domu'
675,15,17,1,'7. razred','Izobraževanje na domu'
675,15,17,1,'5. razred','Izobraževanje na domu'
675,13,17,1,'5. razred','Izobraževanje na domu'
675,13,17,1,'3. razred','Izobraževanje na domu'
677,20,17,1,'5. razred','Izobraževanje na domu'
679,13,17,2,'1. razred','Izobraževanje na domu'
679,21,17,1,'7. razred','Izobraževanje na domu'
679,21,17,1,'5. razred','Izobraževanje na domu'
679,21,17,1,'1. razred','Izobraževanje na domu'
679,14,17,2,'2. razred','Izobraževanje na domu'
679,21,17,1,'9. razred','Izobraževanje na domu'
679,15,17,1,'1. razred','Izobraževanje na domu'
679,15,17,2,'3. razred','Izobraževanje na domu'
679,18,17,1,'2. razred','Izobraževanje na domu'
679,18,17,1,'4. razred','Izobraževanje na domu'
679,16,17,1,'2. razred','Izobraževanje na domu'
679,16,17,1,'4. razred','Izobraževanje na domu'
679,20,17,1,'4. razred','Izobraževanje na domu'
679,20,17,1,'6. razred','Izobraževanje na domu'
679,19,17,1,'3. razred','Izobraževanje na domu'
679,19,17,1,'5. razred','Izobraževanje na domu'
679,20,17,1,'8. razred','Izobraževanje na domu'
684,18,17,1,'4. razred','Izobraževanje na domu'
684,16,17,1,'4. razred','Izobraževanje na domu'
684,15,17,1,'1. razred','Izobraževanje na domu'
684,16,17,1,'2. razred','Izobraževanje na domu'
684,19,17,1,'5. razred','Izobraževanje na domu'
684,20,17,1,'6. razred','Izobraževanje na domu'
684,17,17,1,'3. razred','Izobraževanje na domu'
688,17,17,2,'1. razred','Izobraževanje na domu'
688,20,17,1,'2. razred','Izobraževanje na domu'
747,19,17,1,'8. razred','Izobraževanje na domu'
747,19,17,1,'1. razred','Izobraževanje na domu'
747,18,17,1,'7. razred','Izobraževanje na domu'
747,20,17,1,'2. razred','Izobraževanje na domu'
747,20,17,1,'9. razred','Izobraževanje na domu'
804,21,17,1,'1. razred','Izobraževanje na domu'
804,13,17,1,'1. razred','Izobraževanje na domu'
804,14,17,1,'2. razred','Izobraževanje na domu'
804,15,17,1,'1. razred','Izobraževanje na domu'
804,15,17,1,'3. razred','Izobraževanje na domu'
804,18,17,1,'1. razred','Izobraževanje na domu'
804,17,17,1,'5. razred','Izobraževanje na domu'
804,18,17,1,'5. razred','Izobraževanje na domu'
804,17,17,1,'3. razred','Izobraževanje na domu'
804,19,17,1,'5. razred','Izobraževanje na domu'
804,19,17,1,'2. razred','Izobraževanje na domu'
804,17,17,1,'4. razred','Izobraževanje na domu'
804,18,17,1,'4. razred','Izobraževanje na domu'
817,21,17,1,'1. razred','Izobraževanje na domu'
843,13,17,1,'2. razred','Izobraževanje na domu'
843,12,17,1,'1. razred','Izobraževanje na domu'
845,21,17,1,'1. razred','Izobraževanje na domu'
846,21,17,1,'3. razred','Izobraževanje na domu'
846,19,17,1,'1. razred','Izobraževanje na domu'
846,20,17,1,'2. razred','Izobraževanje na domu'
867,21,17,1,'1. razred','Izobraževanje na domu'
874,20,17,1,'2. razred','Izobraževanje na domu'
874,19,17,1,'1. razred','Izobraževanje na domu'
874,21,17,3,'3. razred','Izobraževanje na domu'
876,21,17,1,'2. razred','Izobraževanje na domu'
876,20,17,1,'1. razred','Izobraževanje na domu'
921,16,17,1,'4. razred','Izobraževanje na domu'
921,17,17,1,'1. razred','Izobraževanje na domu'
921,17,17,1,'5. razred','Izobraževanje na domu'
921,21,17,1,'2. razred','Izobraževanje na domu'
921,21,17,1,'5. razred','Izobraževanje na domu'
935,21,17,1,'1. razred','Izobraževanje na domu'
951,19,17,1,'3. razred','Izobraževanje na domu'
951,21,17,1,'3. razred','Izobraževanje na domu'
951,18,17,1,'2. razred','Izobraževanje na domu'
951,20,17,1,'1. razred','Izobraževanje na domu'
951,20,17,1,'2. razred','Izobraževanje na domu'
951,19,17,1,'1. razred','Izobraževanje na domu'
956,20,17,1,'2. razred','Izobraževanje na domu'
957,17,17,1,'4. razred','Izobraževanje na domu'
958,16,17,1,'3. razred','Izobraževanje na domu'
958,17,17,1,'3. razred','Izobraževanje na domu'
958,15,17,1,'2. razred','Izobraževanje na domu'
965,19,17,2,'1. razred','Izobraževanje na domu'
965,19,17,1,'2. razred','Izobraževanje na domu'
965,20,17,2,'2. razred','Izobraževanje na domu'
965,20,17,1,'3. razred','Izobraževanje na domu'
965,20,17,1,'5. razred','Izobraževanje na domu'
965,21,17,2,'3. razred','Izobraževanje na domu'
965,21,17,1,'4. razred','Izobraževanje na domu'
965,19,17,1,'4. razred','Izobraževanje na domu'
965,18,17,1,'1. razred','Izobraževanje na domu'
969,18,17,1,'9. razred','Izobraževanje na domu'
969,17,17,1,'8. razred','Izobraževanje na domu'
969,13,17,1,'6. razred','Izobraževanje na domu'
992,15,17,1,'1. razred','Izobraževanje na domu'
992,19,17,1,'5. razred','Izobraževanje na domu'
992,21,17,1,'1. razred','Izobraževanje na domu'
992,18,17,1,'3. razred','Izobraževanje na domu'
992,17,17,1,'3. razred','Izobraževanje na domu'
999,20,17,1,'4. razred','Izobraževanje na domu'
999,21,17,1,'5. razred','Izobraževanje na domu'
1027,13,17,1,'7. razred','Izobraževanje na domu'
1027,19,17,1,'8. razred','Izobraževanje na domu'
1027,15,17,1,'9. razred','Izobraževanje na domu'
1027,21,17,1,'7. razred','Izobraževanje na domu'
1027,18,17,1,'7. razred','Izobraževanje na domu'
1027,14,17,1,'8. razred','Izobraževanje na domu'
1034,20,17,1,'6. razred','Izobraževanje na domu'
1034,18,17,1,'8. razred','Izobraževanje na domu'
1037,21,17,1,'5. razred','Izobraževanje na domu'
1037,20,17,1,'4. razred','Izobraževanje na domu'
1037,20,17,1,'5. razred','Izobraževanje na domu'
1038,17,17,1,'2. razred','Izobraževanje na domu'
1038,19,17,2,'4. razred','Izobraževanje na domu'
1038,20,17,2,'5. razred','Izobraževanje na domu'
1038,18,17,1,'3. razred','Izobraževanje na domu'
1038,16,17,1,'1. razred','Izobraževanje na domu'
1053,19,17,1,'4. razred','Izobraževanje na domu'
1053,20,17,1,'8. razred','Izobraževanje na domu'
1053,18,17,1,'3. razred','Izobraževanje na domu'
1053,16,17,1,'1. razred','Izobraževanje na domu'
1053,21,17,1,'5. razred','Izobraževanje na domu'
1053,17,17,1,'2. razred','Izobraževanje na domu'
1208,16,17,1,'5. razred','Izobraževanje na domu'
1208,14,17,1,'3. razred','Izobraževanje na domu'
1208,12,17,1,'1. razred','Izobraževanje na domu'
1208,21,17,1,'6. razred','Izobraževanje na domu'
1208,15,17,1,'4. razred','Izobraževanje na domu'
1208,17,17,1,'1. razred','Izobraževanje na domu'
1208,17,17,1,'6. razred','Izobraževanje na domu'
1208,13,17,1,'2. razred','Izobraževanje na domu'
1215,16,17,1,'1. razred','Izobraževanje na domu'
1216,18,17,1,'9. razred','Izobraževanje na domu'
1216,17,17,1,'8. razred','Izobraževanje na domu'
1216,17,17,1,'1. razred','Izobraževanje na domu'
1216,14,17,1,'8. razred','Izobraževanje na domu'
1216,19,17,1,'7. razred','Izobraževanje na domu'
1216,15,17,1,'9. razred','Izobraževanje na domu'
1216,15,17,1,'6. razred','Izobraževanje na domu'
1216,21,17,1,'7. razred','Izobraževanje na domu'
1216,21,17,1,'9. razred','Izobraževanje na domu'
1216,15,17,1,'1. razred','Izobraževanje na domu'
1216,20,17,1,'8. razred','Izobraževanje na domu'
1216,12,17,1,'6. razred','Izobraževanje na domu'
1216,16,17,1,'7. razred','Izobraževanje na domu'
1216,13,17,1,'7. razred','Izobraževanje na domu'
1239,20,17,1,'1. razred','Izobraževanje na domu'
1239,21,17,1,'2. razred','Izobraževanje na domu'
1240,12,17,1,'4. razred','Izobraževanje na domu'
1240,11,17,1,'3. razred','Izobraževanje na domu'
1241,21,17,1,'9. razred','Izobraževanje na domu'
1241,20,17,1,'8. razred','Izobraževanje na domu'
1244,14,17,1,'2. razred','Izobraževanje na domu'
1244,19,17,1,'5. razred','Izobraževanje na domu'
1244,18,17,1,'4. razred','Izobraževanje na domu'
1244,18,17,1,'6. razred','Izobraževanje na domu'
1244,15,17,1,'3. razred','Izobraževanje na domu'
1244,15,17,1,'1. razred','Izobraževanje na domu'
1244,11,17,1,'5. razred','Izobraževanje na domu'
1244,11,17,1,'2. razred','Izobraževanje na domu'
1244,20,17,1,'2. razred','Izobraževanje na domu'
1244,20,17,1,'6. razred','Izobraževanje na domu'
1244,12,17,1,'3. razred','Izobraževanje na domu'
1244,13,17,1,'1. razred','Izobraževanje na domu'
1244,13,17,1,'4. razred','Izobraževanje na domu'
1244,14,17,1,'5. razred','Izobraževanje na domu'
1244,17,17,1,'5. razred','Izobraževanje na domu'
1244,16,17,1,'4. razred','Izobraževanje na domu'
1244,16,17,1,'2. razred','Izobraževanje na domu'
1244,17,17,1,'3. razred','Izobraževanje na domu'
1307,16,17,1,'7. razred','Izobraževanje na domu'
1307,16,17,1,'1. razred','Izobraževanje na domu'
1307,14,17,1,'1. razred','Izobraževanje na domu'
1307,15,17,2,'6. razred','Izobraževanje na domu'
1315,19,17,1,'1. razred','Izobraževanje na domu'
1315,17,17,1,'1. razred','Izobraževanje na domu'
1342,21,17,1,'3. razred','Izobraževanje na domu'
1342,20,17,1,'2. razred','Izobraževanje na domu'
3561,13,17,1,'1. razred','Izobraževanje na domu'
3767,13,17,1,'5. razred','Izobraževanje na domu'
3767,15,17,1,'7. razred','Izobraževanje na domu'
3767,16,17,1,'8. razred','Izobraževanje na domu'
3767,14,17,1,'6. razred','Izobraževanje na domu'
3767,17,17,1,'9. razred','Izobraževanje na domu'
3781,16,17,1,'2. razred','Izobraževanje na domu'
3781,16,17,1,'3. razred','Izobraževanje na domu'
3781,15,17,1,'1. razred','Izobraževanje na domu'
3781,18,17,1,'4. razred','Izobraževanje na domu'
3781,18,17,1,'5. razred','Izobraževanje na domu'
3781,18,17,1,'2. razred','Izobraževanje na domu'
3781,15,17,1,'2. razred','Izobraževanje na domu'
3781,14,17,1,'1. razred','Izobraževanje na domu'
3788,19,17,1,'2. razred','Izobraževanje na domu'
3788,18,17,1,'1. razred','Izobraževanje na domu'
6687,18,17,1,'9. razred','Izobraževanje na domu'
6687,21,17,1,'1. razred','Izobraževanje na domu'
9596,18,17,1,'6. razred','Izobraževanje na domu'
9877,18,17,1,'2. razred','Izobraževanje na domu'
10167,20,17,1,'1. razred','Izobraževanje na domu'
10167,21,17,1,'2. razred','Izobraževanje na domu'
10549,21,17,1,'5. razred','Izobraževanje na domu'
10549,20,17,1,'4. razred','Izobraževanje na domu'
10549,19,17,1,'3. razred','Izobraževanje na domu'
10550,21,17,1,'1. razred','Izobraževanje na domu'
10550,21,17,1,'5. razred','Izobraževanje na domu'
14849,18,17,1,'4. razred','Izobraževanje na domu'
14849,14,17,1,'5. razred','Izobraževanje na domu'
14849,18,17,1,'6. razred','Izobraževanje na domu'
14850,20,17,1,'5. razred','Izobraževanje na domu'
14850,21,17,1,'7. razred','Izobraževanje na domu'
14850,20,17,1,'7. razred','Izobraževanje na domu'
14850,20,17,1,'9. razred','Izobraževanje na domu'
14850,19,17,1,'4. razred','Izobraževanje na domu'
14850,19,17,1,'6. razred','Izobraževanje na domu'
14850,19,17,1,'8. razred','Izobraževanje na domu'
14850,18,17,1,'3. razred','Izobraževanje na domu'
14850,18,17,1,'5. razred','Izobraževanje na domu'
14850,18,17,1,'7. razred','Izobraževanje na domu'
14850,17,17,1,'1. razred','Izobraževanje na domu'
14850,17,17,1,'4. razred','Izobraževanje na domu'
14850,17,17,1,'6. razred','Izobraževanje na domu'
17510,20,17,1,'6. razred','Izobraževanje na domu'
17510,20,17,1,'4. razred','Izobraževanje na domu'
17510,19,17,1,'8. razred','Izobraževanje na domu'
21915,21,17,14,'1. razred','Izobraževanje na domu'
21915,21,17,4,'5. razred','Izobraževanje na domu'
21915,21,17,4,'4. razred','Izobraževanje na domu'
21915,21,17,3,'3. razred','Izobraževanje na domu'
21915,21,17,7,'2. razred','Izobraževanje na domu'
22415,21,17,1,'7. razred','Izobraževanje na domu'
